run_id	batch_idx	role	status	gpu_id	runtime_sec	metric_value	started_at_utc	finished_at_utc	sam_model_level_inst	sam_points_per_side	sam_points_per_batch	sam_crop_n_layers	sam_pred_iou_thresh	sam_stability_score_thresh	result_json	stdout_log	stderr_log	comment
1	0	baseline	ok	1	145.7389544080943	0.285105140178381	2026-04-12T02:22:01.462107+00:00	2026-04-12T02:24:27.201831+00:00	24	20	64	0	0.88	0.92	/robodata/smodak/repos/ovo/amg_tuning_office0_systematic_100/results/run001.json	/robodata/smodak/repos/ovo/amg_tuning_office0_systematic_100/logs/run001.stdout.log	/robodata/smodak/repos/ovo/amg_tuning_office0_systematic_100/logs/run001.stderr.log	baseline current defaults
5	1	search	ok	5	139.0640052901581	0.23551914254724998	2026-04-12T02:24:28.540687+00:00	2026-04-12T02:26:47.605458+00:00	22	20	64	0	0.88	0.92	/robodata/smodak/repos/ovo/amg_tuning_office0_systematic_100/results/run005.json	/robodata/smodak/repos/ovo/amg_tuning_office0_systematic_100/logs/run005.stdout.log	/robodata/smodak/repos/ovo/amg_tuning_office0_systematic_100/logs/run005.stderr.log	adaptive batch 1
8	1	search	ok	8	157.65968087874353	0.26998049940618774	2026-04-12T02:24:28.548082+00:00	2026-04-12T02:27:06.210099+00:00	23	20	64	0	0.88	0.92	/robodata/smodak/repos/ovo/amg_tuning_office0_systematic_100/results/run008.json	/robodata/smodak/repos/ovo/amg_tuning_office0_systematic_100/logs/run008.stdout.log	/robodata/smodak/repos/ovo/amg_tuning_office0_systematic_100/logs/run008.stderr.log	adaptive batch 1
2	1	search	ok	1	331.0532037592493	0.29416207728389626	2026-04-12T02:24:28.533707+00:00	2026-04-12T02:29:59.587744+00:00	13	20	64	0	0.88	0.92	/robodata/smodak/repos/ovo/amg_tuning_office0_systematic_100/results/run002.json	/robodata/smodak/repos/ovo/amg_tuning_office0_systematic_100/logs/run002.stdout.log	/robodata/smodak/repos/ovo/amg_tuning_office0_systematic_100/logs/run002.stderr.log	adaptive batch 1
6	1	search	ok	6	367.479239651002	0.2615488780905284	2026-04-12T02:24:28.541871+00:00	2026-04-12T02:30:36.023892+00:00	22	20	64	1	0.88	0.92	/robodata/smodak/repos/ovo/amg_tuning_office0_systematic_100/results/run006.json	/robodata/smodak/repos/ovo/amg_tuning_office0_systematic_100/logs/run006.stdout.log	/robodata/smodak/repos/ovo/amg_tuning_office0_systematic_100/logs/run006.stderr.log	adaptive batch 1
9	1	search	ok	9	421.6950736339204	0.2841416529067889	2026-04-12T02:24:28.552250+00:00	2026-04-12T02:31:30.247957+00:00	23	20	64	1	0.88	0.92	/robodata/smodak/repos/ovo/amg_tuning_office0_systematic_100/results/run009.json	/robodata/smodak/repos/ovo/amg_tuning_office0_systematic_100/logs/run009.stdout.log	/robodata/smodak/repos/ovo/amg_tuning_office0_systematic_100/logs/run009.stderr.log	adaptive batch 1
3	1	search	ok	3	844.875962279737	0.3170018123564464	2026-04-12T02:24:28.534799+00:00	2026-04-12T02:38:33.411631+00:00	13	20	64	1	0.88	0.92	/robodata/smodak/repos/ovo/amg_tuning_office0_systematic_100/results/run003.json	/robodata/smodak/repos/ovo/amg_tuning_office0_systematic_100/logs/run003.stdout.log	/robodata/smodak/repos/ovo/amg_tuning_office0_systematic_100/logs/run003.stderr.log	adaptive batch 1
7	1	search	ok	7	1195.8061272799969	0.2566740516417231	2026-04-12T02:24:28.544863+00:00	2026-04-12T02:44:24.353295+00:00	22	20	64	2	0.88	0.92	/robodata/smodak/repos/ovo/amg_tuning_office0_systematic_100/results/run007.json	/robodata/smodak/repos/ovo/amg_tuning_office0_systematic_100/logs/run007.stdout.log	/robodata/smodak/repos/ovo/amg_tuning_office0_systematic_100/logs/run007.stderr.log	adaptive batch 1
15	1	search	ok	7	54.45296484604478	0.20995186068840382	2026-04-12T02:50:56.809155+00:00	2026-04-12T02:51:51.264486+00:00	23	8	32	0	0.92	0.95	/robodata/smodak/repos/ovo/amg_tuning_office0_systematic_100/results/run015.json	/robodata/smodak/repos/ovo/amg_tuning_office0_systematic_100/logs/run015.stdout.log	/robodata/smodak/repos/ovo/amg_tuning_office0_systematic_100/logs/run015.stderr.log	adaptive batch 1
11	1	search	ok	3	56.69633703585714	0.22077821999318809	2026-04-12T02:50:56.798487+00:00	2026-04-12T02:51:53.495659+00:00	23	8	256	0	0.84	0.95	/robodata/smodak/repos/ovo/amg_tuning_office0_systematic_100/results/run011.json	/robodata/smodak/repos/ovo/amg_tuning_office0_systematic_100/logs/run011.stdout.log	/robodata/smodak/repos/ovo/amg_tuning_office0_systematic_100/logs/run011.stderr.log	adaptive batch 1
12	1	search	ok	4	60.400051264092326	0.22526969238552025	2026-04-12T02:50:56.799818+00:00	2026-04-12T02:51:57.200757+00:00	23	8	256	0	0.92	0.9	/robodata/smodak/repos/ovo/amg_tuning_office0_systematic_100/results/run012.json	/robodata/smodak/repos/ovo/amg_tuning_office0_systematic_100/logs/run012.stdout.log	/robodata/smodak/repos/ovo/amg_tuning_office0_systematic_100/logs/run012.stderr.log	adaptive batch 1
10	1	search	ok	1	70.00056719919667	0.23552035728465276	2026-04-12T02:50:56.797083+00:00	2026-04-12T02:52:06.798784+00:00	23	8	32	0	0.84	0.9	/robodata/smodak/repos/ovo/amg_tuning_office0_systematic_100/results/run010.json	/robodata/smodak/repos/ovo/amg_tuning_office0_systematic_100/logs/run010.stdout.log	/robodata/smodak/repos/ovo/amg_tuning_office0_systematic_100/logs/run010.stderr.log	adaptive batch 1
14	1	search	ok	6	135.067166688852	0.24901825062050995	2026-04-12T02:50:56.807735+00:00	2026-04-12T02:53:11.876084+00:00	13	8	256	0	0.92	0.95	/robodata/smodak/repos/ovo/amg_tuning_office0_systematic_100/results/run014.json	/robodata/smodak/repos/ovo/amg_tuning_office0_systematic_100/logs/run014.stdout.log	/robodata/smodak/repos/ovo/amg_tuning_office0_systematic_100/logs/run014.stderr.log	adaptive batch 1
16	1	search	ok	8	141.96277704136446	0.25038696567064345	2026-04-12T02:50:56.812143+00:00	2026-04-12T02:53:18.777220+00:00	13	8	32	0	0.84	0.95	/robodata/smodak/repos/ovo/amg_tuning_office0_systematic_100/results/run016.json	/robodata/smodak/repos/ovo/amg_tuning_office0_systematic_100/logs/run016.stdout.log	/robodata/smodak/repos/ovo/amg_tuning_office0_systematic_100/logs/run016.stderr.log	adaptive batch 1
17	1	search	ok	9	145.40118103427812	0.2532585369784189	2026-04-12T02:50:56.816834+00:00	2026-04-12T02:53:22.218735+00:00	13	8	32	0	0.92	0.9	/robodata/smodak/repos/ovo/amg_tuning_office0_systematic_100/results/run017.json	/robodata/smodak/repos/ovo/amg_tuning_office0_systematic_100/logs/run017.stdout.log	/robodata/smodak/repos/ovo/amg_tuning_office0_systematic_100/logs/run017.stderr.log	adaptive batch 1
13	1	search	ok	5	163.1788170579821	0.2565686664261474	2026-04-12T02:50:56.804498+00:00	2026-04-12T02:53:39.984701+00:00	13	8	256	0	0.84	0.9	/robodata/smodak/repos/ovo/amg_tuning_office0_systematic_100/results/run013.json	/robodata/smodak/repos/ovo/amg_tuning_office0_systematic_100/logs/run013.stdout.log	/robodata/smodak/repos/ovo/amg_tuning_office0_systematic_100/logs/run013.stderr.log	adaptive batch 1
22	1	search	ok	6	65.10872390307486	0.21737578527979604	2026-04-12T02:53:40.930204+00:00	2026-04-12T02:54:46.044300+00:00	24	8	32	0	0.84	0.95	/robodata/smodak/repos/ovo/amg_tuning_office0_systematic_100/results/run022.json	/robodata/smodak/repos/ovo/amg_tuning_office0_systematic_100/logs/run022.stdout.log	/robodata/smodak/repos/ovo/amg_tuning_office0_systematic_100/logs/run022.stderr.log	adaptive batch 1
23	1	search	ok	7	66.39780108584091	0.2226926399408379	2026-04-12T02:53:40.933094+00:00	2026-04-12T02:54:47.334230+00:00	24	8	32	0	0.92	0.9	/robodata/smodak/repos/ovo/amg_tuning_office0_systematic_100/results/run023.json	/robodata/smodak/repos/ovo/amg_tuning_office0_systematic_100/logs/run023.stdout.log	/robodata/smodak/repos/ovo/amg_tuning_office0_systematic_100/logs/run023.stderr.log	adaptive batch 1
24	1	search	ok	8	73.64527567988262	0.23885103926582688	2026-04-12T02:53:40.935818+00:00	2026-04-12T02:54:54.582826+00:00	24	8	256	0	0.84	0.9	/robodata/smodak/repos/ovo/amg_tuning_office0_systematic_100/results/run024.json	/robodata/smodak/repos/ovo/amg_tuning_office0_systematic_100/logs/run024.stdout.log	/robodata/smodak/repos/ovo/amg_tuning_office0_systematic_100/logs/run024.stderr.log	adaptive batch 1
19	1	search	ok	3	77.15774988476187	0.2329234659771235	2026-04-12T02:53:40.926906+00:00	2026-04-12T02:54:58.086350+00:00	24	12	256	0	0.92	0.95	/robodata/smodak/repos/ovo/amg_tuning_office0_systematic_100/results/run019.json	/robodata/smodak/repos/ovo/amg_tuning_office0_systematic_100/logs/run019.stdout.log	/robodata/smodak/repos/ovo/amg_tuning_office0_systematic_100/logs/run019.stderr.log	adaptive batch 1
20	1	search	ok	4	162.22669217782095	0.2810119700777881	2026-04-12T02:53:40.927963+00:00	2026-04-12T02:56:23.157555+00:00	24	24	256	0	0.84	0.95	/robodata/smodak/repos/ovo/amg_tuning_office0_systematic_100/results/run020.json	/robodata/smodak/repos/ovo/amg_tuning_office0_systematic_100/logs/run020.stdout.log	/robodata/smodak/repos/ovo/amg_tuning_office0_systematic_100/logs/run020.stderr.log	adaptive batch 1
21	1	search	ok	5	167.13945605466142	0.2876625783059086	2026-04-12T02:53:40.928987+00:00	2026-04-12T02:56:28.074701+00:00	24	24	256	0	0.92	0.9	/robodata/smodak/repos/ovo/amg_tuning_office0_systematic_100/results/run021.json	/robodata/smodak/repos/ovo/amg_tuning_office0_systematic_100/logs/run021.stdout.log	/robodata/smodak/repos/ovo/amg_tuning_office0_systematic_100/logs/run021.stderr.log	adaptive batch 1
18	1	search	ok	1	213.69168624887243	0.27998654775695436	2026-04-12T02:53:40.924650+00:00	2026-04-12T02:57:14.616742+00:00	23	24	256	0	0.84	0.9	/robodata/smodak/repos/ovo/amg_tuning_office0_systematic_100/results/run018.json	/robodata/smodak/repos/ovo/amg_tuning_office0_systematic_100/logs/run018.stdout.log	/robodata/smodak/repos/ovo/amg_tuning_office0_systematic_100/logs/run018.stderr.log	adaptive batch 1
25	1	search	ok	9	361.9773318078369	0.29357818270918346	2026-04-12T02:53:40.936916+00:00	2026-04-12T02:59:42.916754+00:00	13	24	256	0	0.84	0.95	/robodata/smodak/repos/ovo/amg_tuning_office0_systematic_100/results/run025.json	/robodata/smodak/repos/ovo/amg_tuning_office0_systematic_100/logs/run025.stdout.log	/robodata/smodak/repos/ovo/amg_tuning_office0_systematic_100/logs/run025.stderr.log	adaptive batch 1
29	2	search	ok	5	64.52233077725396	0.2314507698301	2026-04-12T03:06:31.751423+00:00	2026-04-12T03:07:36.274896+00:00	23	8	128	0	0.88	0.92	/robodata/smodak/repos/ovo/amg_tuning_office0_systematic_100/results/run029.json	/robodata/smodak/repos/ovo/amg_tuning_office0_systematic_100/logs/run029.stdout.log	/robodata/smodak/repos/ovo/amg_tuning_office0_systematic_100/logs/run029.stderr.log	adaptive batch 2
33	2	search	ok	9	107.66727393725887	0.2578378040279038	2026-04-12T03:06:31.761448+00:00	2026-04-12T03:08:19.432767+00:00	23	16	128	0	0.92	0.92	/robodata/smodak/repos/ovo/amg_tuning_office0_systematic_100/results/run033.json	/robodata/smodak/repos/ovo/amg_tuning_office0_systematic_100/logs/run033.stdout.log	/robodata/smodak/repos/ovo/amg_tuning_office0_systematic_100/logs/run033.stderr.log	adaptive batch 2
32	2	search	ok	8	127.5868836962618	0.2665406418453621	2026-04-12T03:06:31.760001+00:00	2026-04-12T03:08:39.347499+00:00	23	16	256	0	0.88	0.9	/robodata/smodak/repos/ovo/amg_tuning_office0_systematic_100/results/run032.json	/robodata/smodak/repos/ovo/amg_tuning_office0_systematic_100/logs/run032.stdout.log	/robodata/smodak/repos/ovo/amg_tuning_office0_systematic_100/logs/run032.stderr.log	adaptive batch 2
30	2	search	ok	6	150.10781906498596	0.27177231734803975	2026-04-12T03:06:31.754453+00:00	2026-04-12T03:09:01.864497+00:00	24	24	256	0	0.92	0.95	/robodata/smodak/repos/ovo/amg_tuning_office0_systematic_100/results/run030.json	/robodata/smodak/repos/ovo/amg_tuning_office0_systematic_100/logs/run030.stdout.log	/robodata/smodak/repos/ovo/amg_tuning_office0_systematic_100/logs/run030.stderr.log	adaptive batch 2
27	2	search	ok	3	151.2862238092348	0.27177285721881045	2026-04-12T03:06:31.745317+00:00	2026-04-12T03:09:03.032536+00:00	24	24	32	0	0.92	0.95	/robodata/smodak/repos/ovo/amg_tuning_office0_systematic_100/results/run027.json	/robodata/smodak/repos/ovo/amg_tuning_office0_systematic_100/logs/run027.stdout.log	/robodata/smodak/repos/ovo/amg_tuning_office0_systematic_100/logs/run027.stderr.log	adaptive batch 2
31	2	search	ok	7	211.1765542048961	0.2769271917098874	2026-04-12T03:06:31.758705+00:00	2026-04-12T03:10:02.936283+00:00	13	12	256	0	0.88	0.92	/robodata/smodak/repos/ovo/amg_tuning_office0_systematic_100/results/run031.json	/robodata/smodak/repos/ovo/amg_tuning_office0_systematic_100/logs/run031.stdout.log	/robodata/smodak/repos/ovo/amg_tuning_office0_systematic_100/logs/run031.stderr.log	adaptive batch 2
26	2	search	ok	1	311.77012380817905	0.29187625915487925	2026-04-12T03:06:31.743884+00:00	2026-04-12T03:11:43.515061+00:00	13	24	256	0	0.92	0.95	/robodata/smodak/repos/ovo/amg_tuning_office0_systematic_100/results/run026.json	/robodata/smodak/repos/ovo/amg_tuning_office0_systematic_100/logs/run026.stdout.log	/robodata/smodak/repos/ovo/amg_tuning_office0_systematic_100/logs/run026.stderr.log	adaptive batch 2
28	2	search	ok	4	328.04600324109197	0.2918753557790305	2026-04-12T03:06:31.748471+00:00	2026-04-12T03:11:59.795447+00:00	13	24	32	0	0.92	0.95	/robodata/smodak/repos/ovo/amg_tuning_office0_systematic_100/results/run028.json	/robodata/smodak/repos/ovo/amg_tuning_office0_systematic_100/logs/run028.stdout.log	/robodata/smodak/repos/ovo/amg_tuning_office0_systematic_100/logs/run028.stderr.log	adaptive batch 2
34	2	search	ok	1	188.23747901292518	0.26044108760621076	2026-04-12T03:12:00.769472+00:00	2026-04-12T03:15:09.007734+00:00	24	8	32	1	0.88	0.92	/robodata/smodak/repos/ovo/amg_tuning_office0_systematic_100/results/run034.json	/robodata/smodak/repos/ovo/amg_tuning_office0_systematic_100/logs/run034.stdout.log	/robodata/smodak/repos/ovo/amg_tuning_office0_systematic_100/logs/run034.stderr.log	adaptive batch 2
35	2	search	ok	3	262.9122362402268	0.2841778327475294	2026-04-12T03:12:00.770530+00:00	2026-04-12T03:16:23.683604+00:00	24	12	128	1	0.84	0.92	/robodata/smodak/repos/ovo/amg_tuning_office0_systematic_100/results/run035.json	/robodata/smodak/repos/ovo/amg_tuning_office0_systematic_100/logs/run035.stdout.log	/robodata/smodak/repos/ovo/amg_tuning_office0_systematic_100/logs/run035.stderr.log	adaptive batch 2
36	2	search	ok	4	350.2989937351085	0.2944234442855945	2026-04-12T03:12:00.773563+00:00	2026-04-12T03:17:51.073281+00:00	13	24	256	0	0.92	0.9	/robodata/smodak/repos/ovo/amg_tuning_office0_systematic_100/results/run036.json	/robodata/smodak/repos/ovo/amg_tuning_office0_systematic_100/logs/run036.stdout.log	/robodata/smodak/repos/ovo/amg_tuning_office0_systematic_100/logs/run036.stderr.log	adaptive batch 2
37	2	search	ok	5	585.7384027456865	0.2448876875722965	2026-04-12T03:12:00.776287+00:00	2026-04-12T03:21:46.515279+00:00	24	8	256	2	0.92	0.92	/robodata/smodak/repos/ovo/amg_tuning_office0_systematic_100/results/run037.json	/robodata/smodak/repos/ovo/amg_tuning_office0_systematic_100/logs/run037.stdout.log	/robodata/smodak/repos/ovo/amg_tuning_office0_systematic_100/logs/run037.stderr.log	adaptive batch 2
41	2	search	ok	9	619.9413409112021	0.2740123817519686	2026-04-12T03:12:00.784382+00:00	2026-04-12T03:22:20.729676+00:00	23	12	32	2	0.92	0.95	/robodata/smodak/repos/ovo/amg_tuning_office0_systematic_100/results/run041.json	/robodata/smodak/repos/ovo/amg_tuning_office0_systematic_100/logs/run041.stdout.log	/robodata/smodak/repos/ovo/amg_tuning_office0_systematic_100/logs/run041.stderr.log	adaptive batch 2
40	2	search	ok	8	637.0457295100205	0.27631829856118556	2026-04-12T03:12:00.782932+00:00	2026-04-12T03:22:37.829639+00:00	23	12	32	2	0.84	0.95	/robodata/smodak/repos/ovo/amg_tuning_office0_systematic_100/results/run040.json	/robodata/smodak/repos/ovo/amg_tuning_office0_systematic_100/logs/run040.stdout.log	/robodata/smodak/repos/ovo/amg_tuning_office0_systematic_100/logs/run040.stderr.log	adaptive batch 2
39	2	search	ok	7	661.5759803098626	0.282870533979769	2026-04-12T03:12:00.780547+00:00	2026-04-12T03:23:02.359508+00:00	23	12	32	2	0.92	0.9	/robodata/smodak/repos/ovo/amg_tuning_office0_systematic_100/results/run039.json	/robodata/smodak/repos/ovo/amg_tuning_office0_systematic_100/logs/run039.stdout.log	/robodata/smodak/repos/ovo/amg_tuning_office0_systematic_100/logs/run039.stderr.log	adaptive batch 2
38	2	search	ok	6	719.4766014460474	0.28417035364812604	2026-04-12T03:12:00.779163+00:00	2026-04-12T03:24:00.256709+00:00	23	12	32	2	0.84	0.9	/robodata/smodak/repos/ovo/amg_tuning_office0_systematic_100/results/run038.json	/robodata/smodak/repos/ovo/amg_tuning_office0_systematic_100/logs/run038.stdout.log	/robodata/smodak/repos/ovo/amg_tuning_office0_systematic_100/logs/run038.stderr.log	adaptive batch 2
45	3	search	ok	5	64.52251057140529	0.2314503371035937	2026-04-12T03:24:03.073259+00:00	2026-04-12T03:25:07.597906+00:00	23	8	32	0	0.88	0.92	/robodata/smodak/repos/ovo/amg_tuning_office0_systematic_100/results/run045.json	/robodata/smodak/repos/ovo/amg_tuning_office0_systematic_100/logs/run045.stdout.log	/robodata/smodak/repos/ovo/amg_tuning_office0_systematic_100/logs/run045.stderr.log	adaptive batch 3
49	3	search	ok	9	71.06436264887452	0.23501470611879957	2026-04-12T03:24:03.084142+00:00	2026-04-12T03:25:14.148981+00:00	24	8	128	0	0.84	0.92	/robodata/smodak/repos/ovo/amg_tuning_office0_systematic_100/results/run049.json	/robodata/smodak/repos/ovo/amg_tuning_office0_systematic_100/logs/run049.stdout.log	/robodata/smodak/repos/ovo/amg_tuning_office0_systematic_100/logs/run049.stderr.log	adaptive batch 3
48	3	search	ok	8	79.9109225650318	0.23759864603329256	2026-04-12T03:24:03.081511+00:00	2026-04-12T03:25:22.994667+00:00	23	12	32	0	0.88	0.95	/robodata/smodak/repos/ovo/amg_tuning_office0_systematic_100/results/run048.json	/robodata/smodak/repos/ovo/amg_tuning_office0_systematic_100/logs/run048.stdout.log	/robodata/smodak/repos/ovo/amg_tuning_office0_systematic_100/logs/run048.stderr.log	adaptive batch 3
46	3	search	ok	6	97.59706572815776	0.2584955858298478	2026-04-12T03:24:03.076028+00:00	2026-04-12T03:25:40.675155+00:00	24	12	32	0	0.88	0.9	/robodata/smodak/repos/ovo/amg_tuning_office0_systematic_100/results/run046.json	/robodata/smodak/repos/ovo/amg_tuning_office0_systematic_100/logs/run046.stdout.log	/robodata/smodak/repos/ovo/amg_tuning_office0_systematic_100/logs/run046.stderr.log	adaptive batch 3
47	3	search	ok	7	99.14591239579022	0.259854860900191	2026-04-12T03:24:03.078740+00:00	2026-04-12T03:25:42.225453+00:00	24	12	32	0	0.84	0.92	/robodata/smodak/repos/ovo/amg_tuning_office0_systematic_100/results/run047.json	/robodata/smodak/repos/ovo/amg_tuning_office0_systematic_100/logs/run047.stdout.log	/robodata/smodak/repos/ovo/amg_tuning_office0_systematic_100/logs/run047.stderr.log	adaptive batch 3
44	3	search	ok	4	178.51274324115366	0.2718051964632744	2026-04-12T03:24:03.069900+00:00	2026-04-12T03:27:01.583479+00:00	13	12	32	0	0.92	0.95	/robodata/smodak/repos/ovo/amg_tuning_office0_systematic_100/results/run044.json	/robodata/smodak/repos/ovo/amg_tuning_office0_systematic_100/logs/run044.stdout.log	/robodata/smodak/repos/ovo/amg_tuning_office0_systematic_100/logs/run044.stderr.log	adaptive batch 3
43	3	search	ok	3	208.80198950320482	0.2982284227210926	2026-04-12T03:24:03.066870+00:00	2026-04-12T03:27:31.871604+00:00	24	24	32	0	0.84	0.9	/robodata/smodak/repos/ovo/amg_tuning_office0_systematic_100/results/run043.json	/robodata/smodak/repos/ovo/amg_tuning_office0_systematic_100/logs/run043.stdout.log	/robodata/smodak/repos/ovo/amg_tuning_office0_systematic_100/logs/run043.stderr.log	adaptive batch 3
42	3	search	ok	1	303.0172341261059	0.28416024226219894	2026-04-12T03:24:03.065741+00:00	2026-04-12T03:29:06.084773+00:00	13	16	32	0	0.84	0.9	/robodata/smodak/repos/ovo/amg_tuning_office0_systematic_100/results/run042.json	/robodata/smodak/repos/ovo/amg_tuning_office0_systematic_100/logs/run042.stdout.log	/robodata/smodak/repos/ovo/amg_tuning_office0_systematic_100/logs/run042.stderr.log	adaptive batch 3
53	3	search	ok	5	167.48409762699157	0.2810125099485588	2026-04-12T03:29:06.987723+00:00	2026-04-12T03:31:54.474541+00:00	24	24	32	0	0.84	0.95	/robodata/smodak/repos/ovo/amg_tuning_office0_systematic_100/results/run053.json	/robodata/smodak/repos/ovo/amg_tuning_office0_systematic_100/logs/run053.stdout.log	/robodata/smodak/repos/ovo/amg_tuning_office0_systematic_100/logs/run053.stderr.log	adaptive batch 3
51	3	search	ok	3	171.75472491513938	0.24685177395234184	2026-04-12T03:29:06.983611+00:00	2026-04-12T03:31:58.739153+00:00	24	8	256	1	0.88	0.95	/robodata/smodak/repos/ovo/amg_tuning_office0_systematic_100/results/run051.json	/robodata/smodak/repos/ovo/amg_tuning_office0_systematic_100/logs/run051.stdout.log	/robodata/smodak/repos/ovo/amg_tuning_office0_systematic_100/logs/run051.stderr.log	adaptive batch 3
52	3	search	ok	4	173.87161287898198	0.2876630424464969	2026-04-12T03:29:06.984768+00:00	2026-04-12T03:32:00.858981+00:00	24	24	32	0	0.92	0.9	/robodata/smodak/repos/ovo/amg_tuning_office0_systematic_100/results/run052.json	/robodata/smodak/repos/ovo/amg_tuning_office0_systematic_100/logs/run052.stdout.log	/robodata/smodak/repos/ovo/amg_tuning_office0_systematic_100/logs/run052.stderr.log	adaptive batch 3
50	3	search	ok	1	189.37333374191076	0.26419506031386597	2026-04-12T03:29:06.982499+00:00	2026-04-12T03:32:16.356660+00:00	24	8	128	1	0.88	0.9	/robodata/smodak/repos/ovo/amg_tuning_office0_systematic_100/results/run050.json	/robodata/smodak/repos/ovo/amg_tuning_office0_systematic_100/logs/run050.stdout.log	/robodata/smodak/repos/ovo/amg_tuning_office0_systematic_100/logs/run050.stderr.log	adaptive batch 3
56	3	search	ok	8	198.79489806480706	0.27375959612921086	2026-04-12T03:29:06.996303+00:00	2026-04-12T03:32:25.792197+00:00	13	12	128	0	0.84	0.95	/robodata/smodak/repos/ovo/amg_tuning_office0_systematic_100/results/run056.json	/robodata/smodak/repos/ovo/amg_tuning_office0_systematic_100/logs/run056.stdout.log	/robodata/smodak/repos/ovo/amg_tuning_office0_systematic_100/logs/run056.stderr.log	adaptive batch 3
57	3	search	ok	9	202.0449512442574	0.27543185623223465	2026-04-12T03:29:06.997518+00:00	2026-04-12T03:32:29.045409+00:00	13	12	128	0	0.92	0.9	/robodata/smodak/repos/ovo/amg_tuning_office0_systematic_100/results/run057.json	/robodata/smodak/repos/ovo/amg_tuning_office0_systematic_100/logs/run057.stdout.log	/robodata/smodak/repos/ovo/amg_tuning_office0_systematic_100/logs/run057.stderr.log	adaptive batch 3
54	3	search	ok	6	300.5050107021816	0.29316236008047974	2026-04-12T03:29:06.992703+00:00	2026-04-12T03:34:07.499925+00:00	13	20	32	0	0.92	0.9	/robodata/smodak/repos/ovo/amg_tuning_office0_systematic_100/results/run054.json	/robodata/smodak/repos/ovo/amg_tuning_office0_systematic_100/logs/run054.stdout.log	/robodata/smodak/repos/ovo/amg_tuning_office0_systematic_100/logs/run054.stderr.log	adaptive batch 3
55	3	search	ok	7	304.0092962849885	0.29134248849713396	2026-04-12T03:29:06.995231+00:00	2026-04-12T03:34:11.005109+00:00	13	20	32	0	0.84	0.95	/robodata/smodak/repos/ovo/amg_tuning_office0_systematic_100/results/run055.json	/robodata/smodak/repos/ovo/amg_tuning_office0_systematic_100/logs/run055.stdout.log	/robodata/smodak/repos/ovo/amg_tuning_office0_systematic_100/logs/run055.stderr.log	adaptive batch 3
65	4	search	ok	9	59.21710746595636	0.22413183272162254	2026-04-12T03:34:14.359857+00:00	2026-04-12T03:35:13.581804+00:00	23	8	256	0	0.92	0.92	/robodata/smodak/repos/ovo/amg_tuning_office0_systematic_100/results/run065.json	/robodata/smodak/repos/ovo/amg_tuning_office0_systematic_100/logs/run065.stdout.log	/robodata/smodak/repos/ovo/amg_tuning_office0_systematic_100/logs/run065.stderr.log	adaptive batch 4
64	4	search	ok	8	66.58236176334321	0.23277367888099398	2026-04-12T03:34:14.358517+00:00	2026-04-12T03:35:20.944793+00:00	23	8	128	0	0.88	0.9	/robodata/smodak/repos/ovo/amg_tuning_office0_systematic_100/results/run064.json	/robodata/smodak/repos/ovo/amg_tuning_office0_systematic_100/logs/run064.stdout.log	/robodata/smodak/repos/ovo/amg_tuning_office0_systematic_100/logs/run064.stderr.log	adaptive batch 4
63	4	search	ok	7	77.28897901810706	0.23292352240348396	2026-04-12T03:34:14.349358+00:00	2026-04-12T03:35:31.638870+00:00	24	12	64	0	0.92	0.95	/robodata/smodak/repos/ovo/amg_tuning_office0_systematic_100/results/run063.json	/robodata/smodak/repos/ovo/amg_tuning_office0_systematic_100/logs/run063.stdout.log	/robodata/smodak/repos/ovo/amg_tuning_office0_systematic_100/logs/run063.stderr.log	adaptive batch 4
62	4	search	ok	6	85.02120989002287	0.24254661672144437	2026-04-12T03:34:14.346305+00:00	2026-04-12T03:35:39.368051+00:00	23	12	64	0	0.92	0.9	/robodata/smodak/repos/ovo/amg_tuning_office0_systematic_100/results/run062.json	/robodata/smodak/repos/ovo/amg_tuning_office0_systematic_100/logs/run062.stdout.log	/robodata/smodak/repos/ovo/amg_tuning_office0_systematic_100/logs/run062.stderr.log	adaptive batch 4
58	4	search	ok	1	136.48825977789238	0.2841891823509805	2026-04-12T03:34:14.342220+00:00	2026-04-12T03:36:30.831311+00:00	24	16	64	0	0.84	0.9	/robodata/smodak/repos/ovo/amg_tuning_office0_systematic_100/results/run058.json	/robodata/smodak/repos/ovo/amg_tuning_office0_systematic_100/logs/run058.stdout.log	/robodata/smodak/repos/ovo/amg_tuning_office0_systematic_100/logs/run058.stderr.log	adaptive batch 4
60	4	search	ok	4	158.92468884168193	0.278418722272478	2026-04-12T03:34:14.344262+00:00	2026-04-12T03:36:53.269465+00:00	24	24	64	0	0.88	0.95	/robodata/smodak/repos/ovo/amg_tuning_office0_systematic_100/results/run060.json	/robodata/smodak/repos/ovo/amg_tuning_office0_systematic_100/logs/run060.stdout.log	/robodata/smodak/repos/ovo/amg_tuning_office0_systematic_100/logs/run060.stderr.log	adaptive batch 4
59	4	search	ok	3	163.41638996591792	0.28471827195957244	2026-04-12T03:34:14.343404+00:00	2026-04-12T03:36:57.760383+00:00	24	24	64	0	0.92	0.92	/robodata/smodak/repos/ovo/amg_tuning_office0_systematic_100/results/run059.json	/robodata/smodak/repos/ovo/amg_tuning_office0_systematic_100/logs/run059.stdout.log	/robodata/smodak/repos/ovo/amg_tuning_office0_systematic_100/logs/run059.stderr.log	adaptive batch 4
61	4	search	ok	5	196.1700929729268	0.29528673462921784	2026-04-12T03:34:14.345098+00:00	2026-04-12T03:37:30.515794+00:00	24	24	64	0	0.84	0.92	/robodata/smodak/repos/ovo/amg_tuning_office0_systematic_100/results/run061.json	/robodata/smodak/repos/ovo/amg_tuning_office0_systematic_100/logs/run061.stdout.log	/robodata/smodak/repos/ovo/amg_tuning_office0_systematic_100/logs/run061.stderr.log	adaptive batch 4
70	4	search	ok	6	129.1553204357624	0.2677790545403629	2026-04-12T03:37:31.442152+00:00	2026-04-12T03:39:40.597721+00:00	23	16	256	0	0.84	0.92	/robodata/smodak/repos/ovo/amg_tuning_office0_systematic_100/results/run070.json	/robodata/smodak/repos/ovo/amg_tuning_office0_systematic_100/logs/run070.stdout.log	/robodata/smodak/repos/ovo/amg_tuning_office0_systematic_100/logs/run070.stderr.log	adaptive batch 4
68	4	search	ok	4	152.38274187594652	0.2539848930481719	2026-04-12T03:37:31.438913+00:00	2026-04-12T03:40:03.822617+00:00	13	8	64	0	0.88	0.92	/robodata/smodak/repos/ovo/amg_tuning_office0_systematic_100/results/run068.json	/robodata/smodak/repos/ovo/amg_tuning_office0_systematic_100/logs/run068.stdout.log	/robodata/smodak/repos/ovo/amg_tuning_office0_systematic_100/logs/run068.stderr.log	adaptive batch 4
69	4	search	ok	5	162.76660445705056	0.24264154532771176	2026-04-12T03:37:31.441130+00:00	2026-04-12T03:40:14.208279+00:00	22	24	256	0	0.88	0.92	/robodata/smodak/repos/ovo/amg_tuning_office0_systematic_100/results/run069.json	/robodata/smodak/repos/ovo/amg_tuning_office0_systematic_100/logs/run069.stdout.log	/robodata/smodak/repos/ovo/amg_tuning_office0_systematic_100/logs/run069.stderr.log	adaptive batch 4
72	4	search	ok	8	316.3227266301401	0.29199405736135065	2026-04-12T03:37:31.450580+00:00	2026-04-12T03:42:47.773632+00:00	24	16	128	1	0.92	0.9	/robodata/smodak/repos/ovo/amg_tuning_office0_systematic_100/results/run072.json	/robodata/smodak/repos/ovo/amg_tuning_office0_systematic_100/logs/run072.stdout.log	/robodata/smodak/repos/ovo/amg_tuning_office0_systematic_100/logs/run072.stderr.log	adaptive batch 4
73	4	search	ok	9	323.79100710107014	0.2889126098541649	2026-04-12T03:37:31.453489+00:00	2026-04-12T03:42:55.245118+00:00	24	16	32	1	0.92	0.92	/robodata/smodak/repos/ovo/amg_tuning_office0_systematic_100/results/run073.json	/robodata/smodak/repos/ovo/amg_tuning_office0_systematic_100/logs/run073.stdout.log	/robodata/smodak/repos/ovo/amg_tuning_office0_systematic_100/logs/run073.stderr.log	adaptive batch 4
67	4	search	ok	3	440.87369425594807	0.29386324141042386	2026-04-12T03:37:31.438321+00:00	2026-04-12T03:44:52.312262+00:00	13	8	128	1	0.84	0.92	/robodata/smodak/repos/ovo/amg_tuning_office0_systematic_100/results/run067.json	/robodata/smodak/repos/ovo/amg_tuning_office0_systematic_100/logs/run067.stdout.log	/robodata/smodak/repos/ovo/amg_tuning_office0_systematic_100/logs/run067.stderr.log	adaptive batch 4
66	4	search	ok	1	545.5966484099627	0.2939363121183488	2026-04-12T03:37:31.437853+00:00	2026-04-12T03:46:37.034808+00:00	24	24	256	1	0.88	0.92	/robodata/smodak/repos/ovo/amg_tuning_office0_systematic_100/results/run066.json	/robodata/smodak/repos/ovo/amg_tuning_office0_systematic_100/logs/run066.stdout.log	/robodata/smodak/repos/ovo/amg_tuning_office0_systematic_100/logs/run066.stderr.log	adaptive batch 4
71	4	search	ok	7	592.954666479025	0.29597572845733755	2026-04-12T03:37:31.445954+00:00	2026-04-12T03:47:24.400957+00:00	24	24	32	1	0.88	0.9	/robodata/smodak/repos/ovo/amg_tuning_office0_systematic_100/results/run071.json	/robodata/smodak/repos/ovo/amg_tuning_office0_systematic_100/logs/run071.stdout.log	/robodata/smodak/repos/ovo/amg_tuning_office0_systematic_100/logs/run071.stderr.log	adaptive batch 4
77	5	search	ok	5	53.202487424016	0.20995235638234105	2026-04-12T03:47:27.507900+00:00	2026-04-12T03:48:20.712496+00:00	23	8	128	0	0.92	0.95	/robodata/smodak/repos/ovo/amg_tuning_office0_systematic_100/results/run077.json	/robodata/smodak/repos/ovo/amg_tuning_office0_systematic_100/logs/run077.stdout.log	/robodata/smodak/repos/ovo/amg_tuning_office0_systematic_100/logs/run077.stderr.log	adaptive batch 5
78	5	search	ok	6	56.49456883314997	0.21735973607546216	2026-04-12T03:47:27.508707+00:00	2026-04-12T03:48:24.009852+00:00	23	8	256	0	0.88	0.95	/robodata/smodak/repos/ovo/amg_tuning_office0_systematic_100/results/run078.json	/robodata/smodak/repos/ovo/amg_tuning_office0_systematic_100/logs/run078.stdout.log	/robodata/smodak/repos/ovo/amg_tuning_office0_systematic_100/logs/run078.stderr.log	adaptive batch 5
81	5	search	ok	9	66.91518690716475	0.23431696336453856	2026-04-12T03:47:27.519285+00:00	2026-04-12T03:48:34.435073+00:00	23	8	256	0	0.84	0.92	/robodata/smodak/repos/ovo/amg_tuning_office0_systematic_100/results/run081.json	/robodata/smodak/repos/ovo/amg_tuning_office0_systematic_100/logs/run081.stdout.log	/robodata/smodak/repos/ovo/amg_tuning_office0_systematic_100/logs/run081.stderr.log	adaptive batch 5
76	5	search	ok	4	82.0930670001544	0.24419330843511436	2026-04-12T03:47:27.507352+00:00	2026-04-12T03:48:49.601476+00:00	24	12	128	0	0.84	0.95	/robodata/smodak/repos/ovo/amg_tuning_office0_systematic_100/results/run076.json	/robodata/smodak/repos/ovo/amg_tuning_office0_systematic_100/logs/run076.stdout.log	/robodata/smodak/repos/ovo/amg_tuning_office0_systematic_100/logs/run076.stderr.log	adaptive batch 5
80	5	search	ok	8	82.58677245397121	0.2463920174441825	2026-04-12T03:47:27.513197+00:00	2026-04-12T03:48:50.105517+00:00	24	12	64	0	0.92	0.92	/robodata/smodak/repos/ovo/amg_tuning_office0_systematic_100/results/run080.json	/robodata/smodak/repos/ovo/amg_tuning_office0_systematic_100/logs/run080.stdout.log	/robodata/smodak/repos/ovo/amg_tuning_office0_systematic_100/logs/run080.stderr.log	adaptive batch 5
74	5	search	ok	1	102.91444567916915	0.26416255744931244	2026-04-12T03:47:27.506143+00:00	2026-04-12T03:49:10.421594+00:00	24	16	128	0	0.88	0.95	/robodata/smodak/repos/ovo/amg_tuning_office0_systematic_100/results/run074.json	/robodata/smodak/repos/ovo/amg_tuning_office0_systematic_100/logs/run074.stdout.log	/robodata/smodak/repos/ovo/amg_tuning_office0_systematic_100/logs/run074.stderr.log	adaptive batch 5
79	5	search	ok	7	109.04942914377898	0.2705510088277174	2026-04-12T03:47:27.509522+00:00	2026-04-12T03:49:16.566419+00:00	24	16	128	0	0.92	0.9	/robodata/smodak/repos/ovo/amg_tuning_office0_systematic_100/results/run079.json	/robodata/smodak/repos/ovo/amg_tuning_office0_systematic_100/logs/run079.stdout.log	/robodata/smodak/repos/ovo/amg_tuning_office0_systematic_100/logs/run079.stderr.log	adaptive batch 5
75	5	search	ok	3	191.81750325020403	0.2949743207239376	2026-04-12T03:47:27.506770+00:00	2026-04-12T03:50:39.325751+00:00	24	24	64	0	0.88	0.9	/robodata/smodak/repos/ovo/amg_tuning_office0_systematic_100/results/run075.json	/robodata/smodak/repos/ovo/amg_tuning_office0_systematic_100/logs/run075.stdout.log	/robodata/smodak/repos/ovo/amg_tuning_office0_systematic_100/logs/run075.stderr.log	adaptive batch 5
86	5	search	ok	6	79.48563152179122	0.21457774991188105	2026-04-12T03:50:40.170434+00:00	2026-04-12T03:51:59.656649+00:00	22	12	32	0	0.88	0.9	/robodata/smodak/repos/ovo/amg_tuning_office0_systematic_100/results/run086.json	/robodata/smodak/repos/ovo/amg_tuning_office0_systematic_100/logs/run086.stdout.log	/robodata/smodak/repos/ovo/amg_tuning_office0_systematic_100/logs/run086.stderr.log	adaptive batch 5
85	5	search	ok	5	82.56589433224872	0.2170069036939875	2026-04-12T03:50:40.168552+00:00	2026-04-12T03:52:02.734771+00:00	22	12	32	0	0.84	0.92	/robodata/smodak/repos/ovo/amg_tuning_office0_systematic_100/results/run085.json	/robodata/smodak/repos/ovo/amg_tuning_office0_systematic_100/logs/run085.stdout.log	/robodata/smodak/repos/ovo/amg_tuning_office0_systematic_100/logs/run085.stderr.log	adaptive batch 5
88	5	search	ok	8	83.19936446193606	0.21378034937229634	2026-04-12T03:50:40.172928+00:00	2026-04-12T03:52:03.380374+00:00	22	16	128	0	0.88	0.95	/robodata/smodak/repos/ovo/amg_tuning_office0_systematic_100/results/run088.json	/robodata/smodak/repos/ovo/amg_tuning_office0_systematic_100/logs/run088.stdout.log	/robodata/smodak/repos/ovo/amg_tuning_office0_systematic_100/logs/run088.stderr.log	adaptive batch 5
87	5	search	ok	7	90.65228491090238	0.2156841526888243	2026-04-12T03:50:40.171841+00:00	2026-04-12T03:52:10.824676+00:00	22	16	32	0	0.92	0.92	/robodata/smodak/repos/ovo/amg_tuning_office0_systematic_100/results/run087.json	/robodata/smodak/repos/ovo/amg_tuning_office0_systematic_100/logs/run087.stdout.log	/robodata/smodak/repos/ovo/amg_tuning_office0_systematic_100/logs/run087.stderr.log	adaptive batch 5
84	5	search	ok	4	117.51234347326681	0.2369700980888096	2026-04-12T03:50:40.166280+00:00	2026-04-12T03:52:37.678948+00:00	22	16	128	0	0.84	0.9	/robodata/smodak/repos/ovo/amg_tuning_office0_systematic_100/results/run084.json	/robodata/smodak/repos/ovo/amg_tuning_office0_systematic_100/logs/run084.stdout.log	/robodata/smodak/repos/ovo/amg_tuning_office0_systematic_100/logs/run084.stderr.log	adaptive batch 5
89	5	search	ok	9	171.59491849225014	0.24505635908962212	2026-04-12T03:50:40.179814+00:00	2026-04-12T03:53:31.780299+00:00	22	24	32	0	0.88	0.9	/robodata/smodak/repos/ovo/amg_tuning_office0_systematic_100/results/run089.json	/robodata/smodak/repos/ovo/amg_tuning_office0_systematic_100/logs/run089.stdout.log	/robodata/smodak/repos/ovo/amg_tuning_office0_systematic_100/logs/run089.stderr.log	adaptive batch 5
83	5	search	ok	3	193.65552732115611	0.26481937480011386	2026-04-12T03:50:40.165571+00:00	2026-04-12T03:53:53.821542+00:00	24	8	64	1	0.84	0.9	/robodata/smodak/repos/ovo/amg_tuning_office0_systematic_100/results/run083.json	/robodata/smodak/repos/ovo/amg_tuning_office0_systematic_100/logs/run083.stdout.log	/robodata/smodak/repos/ovo/amg_tuning_office0_systematic_100/logs/run083.stderr.log	adaptive batch 5
82	5	search	ok	1	230.2347865649499	0.27259407669095886	2026-04-12T03:50:40.164906+00:00	2026-04-12T03:54:30.400100+00:00	24	12	64	1	0.88	0.95	/robodata/smodak/repos/ovo/amg_tuning_office0_systematic_100/results/run082.json	/robodata/smodak/repos/ovo/amg_tuning_office0_systematic_100/logs/run082.stdout.log	/robodata/smodak/repos/ovo/amg_tuning_office0_systematic_100/logs/run082.stderr.log	adaptive batch 5
94	6	search	ok	6	68.41219641827047	0.2290266140283394	2026-04-12T03:54:33.904119+00:00	2026-04-12T03:55:42.316739+00:00	24	8	256	0	0.88	0.92	/robodata/smodak/repos/ovo/amg_tuning_office0_systematic_100/results/run094.json	/robodata/smodak/repos/ovo/amg_tuning_office0_systematic_100/logs/run094.stdout.log	/robodata/smodak/repos/ovo/amg_tuning_office0_systematic_100/logs/run094.stderr.log	adaptive batch 6
93	6	search	ok	5	71.18423576187342	0.23278074827077702	2026-04-12T03:54:33.901255+00:00	2026-04-12T03:55:45.086216+00:00	24	8	256	0	0.88	0.9	/robodata/smodak/repos/ovo/amg_tuning_office0_systematic_100/results/run093.json	/robodata/smodak/repos/ovo/amg_tuning_office0_systematic_100/logs/run093.stdout.log	/robodata/smodak/repos/ovo/amg_tuning_office0_systematic_100/logs/run093.stderr.log	adaptive batch 6
91	6	search	ok	3	92.95829444611445	0.2549794106231355	2026-04-12T03:54:33.897834+00:00	2026-04-12T03:56:06.856590+00:00	24	12	64	0	0.88	0.92	/robodata/smodak/repos/ovo/amg_tuning_office0_systematic_100/results/run091.json	/robodata/smodak/repos/ovo/amg_tuning_office0_systematic_100/logs/run091.stdout.log	/robodata/smodak/repos/ovo/amg_tuning_office0_systematic_100/logs/run091.stderr.log	adaptive batch 6
97	6	search	ok	9	97.17609890410677	0.2546447822888784	2026-04-12T03:54:33.913413+00:00	2026-04-12T03:56:11.091985+00:00	24	16	128	0	0.92	0.95	/robodata/smodak/repos/ovo/amg_tuning_office0_systematic_100/results/run097.json	/robodata/smodak/repos/ovo/amg_tuning_office0_systematic_100/logs/run097.stdout.log	/robodata/smodak/repos/ovo/amg_tuning_office0_systematic_100/logs/run097.stderr.log	adaptive batch 6
95	6	search	ok	7	98.28536689281464	0.2515703341738855	2026-04-12T03:54:33.907338+00:00	2026-04-12T03:56:12.193700+00:00	23	12	64	0	0.84	0.92	/robodata/smodak/repos/ovo/amg_tuning_office0_systematic_100/results/run095.json	/robodata/smodak/repos/ovo/amg_tuning_office0_systematic_100/logs/run095.stdout.log	/robodata/smodak/repos/ovo/amg_tuning_office0_systematic_100/logs/run095.stderr.log	adaptive batch 6
92	6	search	ok	4	111.79909460619092	0.2705509879411843	2026-04-12T03:54:33.898651+00:00	2026-04-12T03:56:25.698136+00:00	24	16	32	0	0.92	0.9	/robodata/smodak/repos/ovo/amg_tuning_office0_systematic_100/results/run092.json	/robodata/smodak/repos/ovo/amg_tuning_office0_systematic_100/logs/run092.stdout.log	/robodata/smodak/repos/ovo/amg_tuning_office0_systematic_100/logs/run092.stderr.log	adaptive batch 6
96	6	search	ok	8	123.51301634311676	0.28132666114205	2026-04-12T03:54:33.908878+00:00	2026-04-12T03:56:37.422495+00:00	24	16	64	0	0.88	0.9	/robodata/smodak/repos/ovo/amg_tuning_office0_systematic_100/results/run096.json	/robodata/smodak/repos/ovo/amg_tuning_office0_systematic_100/logs/run096.stdout.log	/robodata/smodak/repos/ovo/amg_tuning_office0_systematic_100/logs/run096.stderr.log	adaptive batch 6
90	6	search	ok	1	132.03659978928044	0.2764399726173424	2026-04-12T03:54:33.896555+00:00	2026-04-12T03:56:45.934057+00:00	24	20	256	0	0.92	0.92	/robodata/smodak/repos/ovo/amg_tuning_office0_systematic_100/results/run090.json	/robodata/smodak/repos/ovo/amg_tuning_office0_systematic_100/logs/run090.stdout.log	/robodata/smodak/repos/ovo/amg_tuning_office0_systematic_100/logs/run090.stderr.log	adaptive batch 6
101	6	search	ok	5	47.455841899849474	0.17096327899470856	2026-04-12T03:56:46.826659+00:00	2026-04-12T03:57:34.285891+00:00	22	8	64	0	0.92	0.92	/robodata/smodak/repos/ovo/amg_tuning_office0_systematic_100/results/run101.json	/robodata/smodak/repos/ovo/amg_tuning_office0_systematic_100/logs/run101.stdout.log	/robodata/smodak/repos/ovo/amg_tuning_office0_systematic_100/logs/run101.stderr.log	adaptive batch 6
103	6	search	ok	7	77.11318215308711	0.2026025345889942	2026-04-12T03:56:46.830594+00:00	2026-04-12T03:58:03.944578+00:00	22	16	256	0	0.92	0.95	/robodata/smodak/repos/ovo/amg_tuning_office0_systematic_100/results/run103.json	/robodata/smodak/repos/ovo/amg_tuning_office0_systematic_100/logs/run103.stdout.log	/robodata/smodak/repos/ovo/amg_tuning_office0_systematic_100/logs/run103.stderr.log	adaptive batch 6
105	6	search	ok	9	109.61845605401322	0.22239549516924054	2026-04-12T03:56:46.837322+00:00	2026-04-12T03:58:36.456669+00:00	22	20	32	0	0.88	0.95	/robodata/smodak/repos/ovo/amg_tuning_office0_systematic_100/results/run105.json	/robodata/smodak/repos/ovo/amg_tuning_office0_systematic_100/logs/run105.stdout.log	/robodata/smodak/repos/ovo/amg_tuning_office0_systematic_100/logs/run105.stderr.log	adaptive batch 6
102	6	search	ok	6	161.8269906952046	0.2669212331646539	2026-04-12T03:56:46.829280+00:00	2026-04-12T03:59:28.658163+00:00	23	24	256	0	0.88	0.95	/robodata/smodak/repos/ovo/amg_tuning_office0_systematic_100/results/run102.json	/robodata/smodak/repos/ovo/amg_tuning_office0_systematic_100/logs/run102.stdout.log	/robodata/smodak/repos/ovo/amg_tuning_office0_systematic_100/logs/run102.stderr.log	adaptive batch 6
104	6	search	ok	8	161.92780015803874	0.2565686664261474	2026-04-12T03:56:46.835815+00:00	2026-04-12T03:59:28.764179+00:00	13	8	64	0	0.84	0.9	/robodata/smodak/repos/ovo/amg_tuning_office0_systematic_100/results/run104.json	/robodata/smodak/repos/ovo/amg_tuning_office0_systematic_100/logs/run104.stdout.log	/robodata/smodak/repos/ovo/amg_tuning_office0_systematic_100/logs/run104.stderr.log	adaptive batch 6
99	6	search	ok	3	167.82991442317143	0.24220596252495633	2026-04-12T03:56:46.824540+00:00	2026-04-12T03:59:34.657117+00:00	24	8	32	1	0.92	0.95	/robodata/smodak/repos/ovo/amg_tuning_office0_systematic_100/results/run099.json	/robodata/smodak/repos/ovo/amg_tuning_office0_systematic_100/logs/run099.stdout.log	/robodata/smodak/repos/ovo/amg_tuning_office0_systematic_100/logs/run099.stderr.log	adaptive batch 6
98	6	search	ok	1	176.5182949178852	0.25856176479264503	2026-04-12T03:56:46.823554+00:00	2026-04-12T03:59:43.343466+00:00	24	8	64	1	0.92	0.9	/robodata/smodak/repos/ovo/amg_tuning_office0_systematic_100/results/run098.json	/robodata/smodak/repos/ovo/amg_tuning_office0_systematic_100/logs/run098.stdout.log	/robodata/smodak/repos/ovo/amg_tuning_office0_systematic_100/logs/run098.stderr.log	adaptive batch 6
100	6	search	ok	4	176.91033989470452	0.2457440832247227	2026-04-12T03:56:46.825581+00:00	2026-04-12T03:59:43.739208+00:00	22	24	32	0	0.84	0.92	/robodata/smodak/repos/ovo/amg_tuning_office0_systematic_100/results/run100.json	/robodata/smodak/repos/ovo/amg_tuning_office0_systematic_100/logs/run100.stdout.log	/robodata/smodak/repos/ovo/amg_tuning_office0_systematic_100/logs/run100.stderr.log	adaptive batch 6
111	7	search	ok	7	59.46336320228875	0.22413140010484905	2026-04-12T03:59:47.290169+00:00	2026-04-12T04:00:46.753974+00:00	23	8	32	0	0.92	0.92	/robodata/smodak/repos/ovo/amg_tuning_office0_systematic_100/results/run111.json	/robodata/smodak/repos/ovo/amg_tuning_office0_systematic_100/logs/run111.stdout.log	/robodata/smodak/repos/ovo/amg_tuning_office0_systematic_100/logs/run111.stderr.log	adaptive batch 7
110	7	search	ok	6	66.39941771887243	0.22269241926143657	2026-04-12T03:59:47.287600+00:00	2026-04-12T04:00:53.687612+00:00	24	8	128	0	0.92	0.9	/robodata/smodak/repos/ovo/amg_tuning_office0_systematic_100/results/run110.json	/robodata/smodak/repos/ovo/amg_tuning_office0_systematic_100/logs/run110.stdout.log	/robodata/smodak/repos/ovo/amg_tuning_office0_systematic_100/logs/run110.stderr.log	adaptive batch 7
108	7	search	ok	4	70.79996954509988	0.23552069515161725	2026-04-12T03:59:47.283643+00:00	2026-04-12T04:00:58.084518+00:00	23	8	128	0	0.84	0.9	/robodata/smodak/repos/ovo/amg_tuning_office0_systematic_100/results/run108.json	/robodata/smodak/repos/ovo/amg_tuning_office0_systematic_100/logs/run108.stdout.log	/robodata/smodak/repos/ovo/amg_tuning_office0_systematic_100/logs/run108.stderr.log	adaptive batch 7
109	7	search	ok	5	74.79811810981482	0.23885103926582688	2026-04-12T03:59:47.285100+00:00	2026-04-12T04:01:02.084167+00:00	24	8	64	0	0.84	0.9	/robodata/smodak/repos/ovo/amg_tuning_office0_systematic_100/results/run109.json	/robodata/smodak/repos/ovo/amg_tuning_office0_systematic_100/logs/run109.stdout.log	/robodata/smodak/repos/ovo/amg_tuning_office0_systematic_100/logs/run109.stderr.log	adaptive batch 7
112	7	search	ok	8	81.4578608777374	0.24040275807939748	2026-04-12T03:59:47.292523+00:00	2026-04-12T04:01:08.750965+00:00	24	12	64	0	0.88	0.95	/robodata/smodak/repos/ovo/amg_tuning_office0_systematic_100/results/run112.json	/robodata/smodak/repos/ovo/amg_tuning_office0_systematic_100/logs/run112.stdout.log	/robodata/smodak/repos/ovo/amg_tuning_office0_systematic_100/logs/run112.stderr.log	adaptive batch 7
107	7	search	ok	3	95.74479451682419	0.24753687466290217	2026-04-12T03:59:47.279984+00:00	2026-04-12T04:01:23.025400+00:00	23	16	32	0	0.92	0.95	/robodata/smodak/repos/ovo/amg_tuning_office0_systematic_100/results/run107.json	/robodata/smodak/repos/ovo/amg_tuning_office0_systematic_100/logs/run107.stdout.log	/robodata/smodak/repos/ovo/amg_tuning_office0_systematic_100/logs/run107.stderr.log	adaptive batch 7
113	7	search	ok	9	105.0235232366249	0.2641626705247416	2026-04-12T03:59:47.293698+00:00	2026-04-12T04:01:32.317777+00:00	24	16	32	0	0.88	0.95	/robodata/smodak/repos/ovo/amg_tuning_office0_systematic_100/results/run113.json	/robodata/smodak/repos/ovo/amg_tuning_office0_systematic_100/logs/run113.stdout.log	/robodata/smodak/repos/ovo/amg_tuning_office0_systematic_100/logs/run113.stderr.log	adaptive batch 7
106	7	search	ok	1	107.33655269863084	0.26552983116197504	2026-04-12T03:59:47.279106+00:00	2026-04-12T04:01:34.616300+00:00	24	16	32	0	0.84	0.95	/robodata/smodak/repos/ovo/amg_tuning_office0_systematic_100/results/run106.json	/robodata/smodak/repos/ovo/amg_tuning_office0_systematic_100/logs/run106.stdout.log	/robodata/smodak/repos/ovo/amg_tuning_office0_systematic_100/logs/run106.stderr.log	adaptive batch 7
120	7	search	ok	8	137.9681217111647	0.24989030935265716	2026-04-12T04:01:35.487351+00:00	2026-04-12T04:03:53.456023+00:00	13	8	128	0	0.88	0.95	/robodata/smodak/repos/ovo/amg_tuning_office0_systematic_100/results/run120.json	/robodata/smodak/repos/ovo/amg_tuning_office0_systematic_100/logs/run120.stdout.log	/robodata/smodak/repos/ovo/amg_tuning_office0_systematic_100/logs/run120.stderr.log	adaptive batch 7
116	7	search	ok	4	142.40630884375423	0.23053880749203332	2026-04-12T04:01:35.480022+00:00	2026-04-12T04:03:57.888382+00:00	22	24	128	0	0.92	0.92	/robodata/smodak/repos/ovo/amg_tuning_office0_systematic_100/results/run116.json	/robodata/smodak/repos/ovo/amg_tuning_office0_systematic_100/logs/run116.stdout.log	/robodata/smodak/repos/ovo/amg_tuning_office0_systematic_100/logs/run116.stderr.log	adaptive batch 7
121	7	search	ok	9	153.68022687686607	0.25539749076821827	2026-04-12T04:01:35.491776+00:00	2026-04-12T04:04:09.172730+00:00	13	8	128	0	0.88	0.9	/robodata/smodak/repos/ovo/amg_tuning_office0_systematic_100/results/run121.json	/robodata/smodak/repos/ovo/amg_tuning_office0_systematic_100/logs/run121.stdout.log	/robodata/smodak/repos/ovo/amg_tuning_office0_systematic_100/logs/run121.stderr.log	adaptive batch 7
114	7	search	ok	1	165.68417467083782	0.24220473442189955	2026-04-12T04:01:35.478374+00:00	2026-04-12T04:04:21.163014+00:00	24	8	128	1	0.92	0.95	/robodata/smodak/repos/ovo/amg_tuning_office0_systematic_100/results/run114.json	/robodata/smodak/repos/ovo/amg_tuning_office0_systematic_100/logs/run114.stdout.log	/robodata/smodak/repos/ovo/amg_tuning_office0_systematic_100/logs/run114.stderr.log	adaptive batch 7
117	7	search	ok	5	170.23202597675845	0.24505429380446514	2026-04-12T04:01:35.482699+00:00	2026-04-12T04:04:25.715276+00:00	22	24	128	0	0.88	0.9	/robodata/smodak/repos/ovo/amg_tuning_office0_systematic_100/results/run117.json	/robodata/smodak/repos/ovo/amg_tuning_office0_systematic_100/logs/run117.stdout.log	/robodata/smodak/repos/ovo/amg_tuning_office0_systematic_100/logs/run117.stderr.log	adaptive batch 7
118	7	search	ok	6	173.7560838572681	0.2457424516837312	2026-04-12T04:01:35.483646+00:00	2026-04-12T04:04:29.240126+00:00	22	24	128	0	0.84	0.92	/robodata/smodak/repos/ovo/amg_tuning_office0_systematic_100/results/run118.json	/robodata/smodak/repos/ovo/amg_tuning_office0_systematic_100/logs/run118.stdout.log	/robodata/smodak/repos/ovo/amg_tuning_office0_systematic_100/logs/run118.stderr.log	adaptive batch 7
115	7	search	ok	3	177.57435131119564	0.25856176479264503	2026-04-12T04:01:35.479165+00:00	2026-04-12T04:04:33.054917+00:00	24	8	256	1	0.92	0.9	/robodata/smodak/repos/ovo/amg_tuning_office0_systematic_100/results/run115.json	/robodata/smodak/repos/ovo/amg_tuning_office0_systematic_100/logs/run115.stdout.log	/robodata/smodak/repos/ovo/amg_tuning_office0_systematic_100/logs/run115.stderr.log	adaptive batch 7
119	7	search	ok	7	190.6030434430577	0.24836058560562294	2026-04-12T04:01:35.486065+00:00	2026-04-12T04:04:46.089720+00:00	22	24	64	0	0.84	0.9	/robodata/smodak/repos/ovo/amg_tuning_office0_systematic_100/results/run119.json	/robodata/smodak/repos/ovo/amg_tuning_office0_systematic_100/logs/run119.stdout.log	/robodata/smodak/repos/ovo/amg_tuning_office0_systematic_100/logs/run119.stderr.log	adaptive batch 7
125	8	search	ok	5	43.30405717296526	0.15413757394051025	2026-04-12T04:04:49.870503+00:00	2026-04-12T04:05:33.175148+00:00	22	8	64	0	0.92	0.95	/robodata/smodak/repos/ovo/amg_tuning_office0_systematic_100/results/run125.json	/robodata/smodak/repos/ovo/amg_tuning_office0_systematic_100/logs/run125.stdout.log	/robodata/smodak/repos/ovo/amg_tuning_office0_systematic_100/logs/run125.stderr.log	adaptive batch 8
128	8	search	ok	8	47.42665169015527	0.17500280252473693	2026-04-12T04:04:49.879319+00:00	2026-04-12T04:05:37.306733+00:00	22	8	128	0	0.84	0.95	/robodata/smodak/repos/ovo/amg_tuning_office0_systematic_100/results/run128.json	/robodata/smodak/repos/ovo/amg_tuning_office0_systematic_100/logs/run128.stdout.log	/robodata/smodak/repos/ovo/amg_tuning_office0_systematic_100/logs/run128.stderr.log	adaptive batch 8
126	8	search	ok	6	102.8001237004064	0.2539615654034885	2026-04-12T04:04:49.873005+00:00	2026-04-12T04:06:32.674114+00:00	23	16	256	0	0.88	0.95	/robodata/smodak/repos/ovo/amg_tuning_office0_systematic_100/results/run126.json	/robodata/smodak/repos/ovo/amg_tuning_office0_systematic_100/logs/run126.stdout.log	/robodata/smodak/repos/ovo/amg_tuning_office0_systematic_100/logs/run126.stderr.log	adaptive batch 8
127	8	search	ok	7	104.48251484706998	0.2639136741776334	2026-04-12T04:04:49.874885+00:00	2026-04-12T04:06:34.361086+00:00	24	12	32	0	0.84	0.9	/robodata/smodak/repos/ovo/amg_tuning_office0_systematic_100/results/run127.json	/robodata/smodak/repos/ovo/amg_tuning_office0_systematic_100/logs/run127.stdout.log	/robodata/smodak/repos/ovo/amg_tuning_office0_systematic_100/logs/run127.stderr.log	adaptive batch 8
123	8	search	ok	3	105.39715941436589	0.25689648381494734	2026-04-12T04:04:49.865725+00:00	2026-04-12T04:06:35.263167+00:00	23	16	256	0	0.84	0.95	/robodata/smodak/repos/ovo/amg_tuning_office0_systematic_100/results/run123.json	/robodata/smodak/repos/ovo/amg_tuning_office0_systematic_100/logs/run123.stdout.log	/robodata/smodak/repos/ovo/amg_tuning_office0_systematic_100/logs/run123.stderr.log	adaptive batch 8
129	8	search	ok	9	107.31261474080384	0.26736345710909387	2026-04-12T04:04:49.880568+00:00	2026-04-12T04:06:37.193745+00:00	24	16	32	0	0.92	0.92	/robodata/smodak/repos/ovo/amg_tuning_office0_systematic_100/results/run129.json	/robodata/smodak/repos/ovo/amg_tuning_office0_systematic_100/logs/run129.stdout.log	/robodata/smodak/repos/ovo/amg_tuning_office0_systematic_100/logs/run129.stderr.log	adaptive batch 8
124	8	search	ok	4	179.63666290789843	0.2921126333173994	2026-04-12T04:04:49.866638+00:00	2026-04-12T04:07:49.506353+00:00	24	24	256	0	0.88	0.92	/robodata/smodak/repos/ovo/amg_tuning_office0_systematic_100/results/run124.json	/robodata/smodak/repos/ovo/amg_tuning_office0_systematic_100/logs/run124.stdout.log	/robodata/smodak/repos/ovo/amg_tuning_office0_systematic_100/logs/run124.stderr.log	adaptive batch 8
122	8	search	ok	1	189.38087163399905	0.29497289190361753	2026-04-12T04:04:49.864778+00:00	2026-04-12T04:07:59.246287+00:00	24	24	256	0	0.88	0.9	/robodata/smodak/repos/ovo/amg_tuning_office0_systematic_100/results/run122.json	/robodata/smodak/repos/ovo/amg_tuning_office0_systematic_100/logs/run122.stdout.log	/robodata/smodak/repos/ovo/amg_tuning_office0_systematic_100/logs/run122.stderr.log	adaptive batch 8
130	8	search	ok	1	173.3318934030831	0.2490877506407657	2026-04-12T04:08:00.046820+00:00	2026-04-12T04:10:53.379068+00:00	24	8	64	1	0.84	0.95	/robodata/smodak/repos/ovo/amg_tuning_office0_systematic_100/results/run130.json	/robodata/smodak/repos/ovo/amg_tuning_office0_systematic_100/logs/run130.stdout.log	/robodata/smodak/repos/ovo/amg_tuning_office0_systematic_100/logs/run130.stderr.log	adaptive batch 8
131	8	search	ok	3	237.74262068979442	0.278485949749796	2026-04-12T04:08:00.047424+00:00	2026-04-12T04:11:57.790338+00:00	24	12	128	1	0.92	0.92	/robodata/smodak/repos/ovo/amg_tuning_office0_systematic_100/results/run131.json	/robodata/smodak/repos/ovo/amg_tuning_office0_systematic_100/logs/run131.stdout.log	/robodata/smodak/repos/ovo/amg_tuning_office0_systematic_100/logs/run131.stderr.log	adaptive batch 8
135	8	search	ok	7	241.59007821790874	0.28056430707036306	2026-04-12T04:08:00.057149+00:00	2026-04-12T04:12:01.648180+00:00	13	16	128	0	0.92	0.92	/robodata/smodak/repos/ovo/amg_tuning_office0_systematic_100/results/run135.json	/robodata/smodak/repos/ovo/amg_tuning_office0_systematic_100/logs/run135.stdout.log	/robodata/smodak/repos/ovo/amg_tuning_office0_systematic_100/logs/run135.stderr.log	adaptive batch 8
136	8	search	ok	8	279.60584703227505	0.28331178475078883	2026-04-12T04:08:00.058756+00:00	2026-04-12T04:12:39.665000+00:00	13	16	256	0	0.88	0.9	/robodata/smodak/repos/ovo/amg_tuning_office0_systematic_100/results/run136.json	/robodata/smodak/repos/ovo/amg_tuning_office0_systematic_100/logs/run136.stdout.log	/robodata/smodak/repos/ovo/amg_tuning_office0_systematic_100/logs/run136.stderr.log	adaptive batch 8
137	8	search	ok	9	286.6011521536857	0.2829594935338938	2026-04-12T04:08:00.060901+00:00	2026-04-12T04:12:46.662995+00:00	13	16	256	0	0.84	0.92	/robodata/smodak/repos/ovo/amg_tuning_office0_systematic_100/results/run137.json	/robodata/smodak/repos/ovo/amg_tuning_office0_systematic_100/logs/run137.stdout.log	/robodata/smodak/repos/ovo/amg_tuning_office0_systematic_100/logs/run137.stderr.log	adaptive batch 8
134	8	search	ok	6	571.5201018378139	0.2390317123722155	2026-04-12T04:08:00.052757+00:00	2026-04-12T04:17:31.573744+00:00	24	8	128	2	0.88	0.95	/robodata/smodak/repos/ovo/amg_tuning_office0_systematic_100/results/run134.json	/robodata/smodak/repos/ovo/amg_tuning_office0_systematic_100/logs/run134.stdout.log	/robodata/smodak/repos/ovo/amg_tuning_office0_systematic_100/logs/run134.stderr.log	adaptive batch 8
132	8	search	ok	4	584.0952642681077	0.23903208194249775	2026-04-12T04:08:00.048222+00:00	2026-04-12T04:17:44.144070+00:00	24	8	32	2	0.88	0.95	/robodata/smodak/repos/ovo/amg_tuning_office0_systematic_100/results/run132.json	/robodata/smodak/repos/ovo/amg_tuning_office0_systematic_100/logs/run132.stdout.log	/robodata/smodak/repos/ovo/amg_tuning_office0_systematic_100/logs/run132.stderr.log	adaptive batch 8
133	8	search	ok	5	584.5180623452179	0.24789148044654308	2026-04-12T04:08:00.050309+00:00	2026-04-12T04:17:44.571447+00:00	24	8	128	2	0.92	0.9	/robodata/smodak/repos/ovo/amg_tuning_office0_systematic_100/results/run133.json	/robodata/smodak/repos/ovo/amg_tuning_office0_systematic_100/logs/run133.stdout.log	/robodata/smodak/repos/ovo/amg_tuning_office0_systematic_100/logs/run133.stderr.log	adaptive batch 8
